time,cstrategy,dd
2019-01-02,1091.0,-68.0
2019-01-03,886.0,-273.0
2019-01-04,241.0,-918.0
2019-01-05,,
2019-01-06,,
2019-01-07,241.0,-918.0
2019-01-08,-315.0,-1474.0
2019-01-09,-508.0,-1667.0
2019-01-10,-298.0,-1457.0
2019-01-11,-474.0,-1633.0
2019-01-12,,
2019-01-13,,
2019-01-14,-892.0,-2051.0
2019-01-15,-1253.0,-2412.0
2019-01-16,-1010.0,-2169.0
2019-01-17,-133.0,-1292.0
2019-01-18,-328.0,-1487.0
2019-01-19,,
2019-01-20,,
2019-01-21,-649.0,-1808.0
2019-01-22,-1535.0,-2694.0
2019-01-23,-1605.0,-2764.0
2019-01-24,-1150.0,-2309.0
2019-01-25,,
2019-01-26,,
2019-01-27,,
2019-01-28,-1190.0,-2349.0
2019-01-29,-949.0,-2108.0
2019-01-30,-1588.0,-2747.0
2019-01-31,-1543.0,-2702.0
2019-02-01,-2081.0,-3240.0
2019-02-02,,
2019-02-03,,
2019-02-04,-2049.0,-3208.0
2019-02-05,-2156.0,-3315.0
2019-02-06,-1814.0,-2973.0
2019-02-07,-1450.0,-2609.0
2019-02-08,-1856.0,-3015.0
2019-02-09,,
2019-02-10,,
2019-02-11,-1600.0,-2759.0
2019-02-12,-2200.0,-3359.0
2019-02-13,-2472.0,-3631.0
2019-02-14,-3324.0,-4483.0
2019-02-15,-3765.0,-4924.0
2019-02-16,,
2019-02-17,,
2019-02-18,-3855.0,-5014.0
2019-02-19,-4157.0,-5316.0
2019-02-20,-3768.0,-4927.0
2019-02-21,-4169.0,-5328.0
2019-02-22,-3946.0,-5105.0
2019-02-23,,
2019-02-24,,
2019-02-25,-4214.0,-5373.0
2019-02-26,-4513.0,-5672.0
2019-02-27,-4826.0,-5985.0
2019-02-28,-4430.0,-5589.0
2019-03-01,-4165.0,-5324.0
2019-03-02,,
2019-03-03,,
2019-03-04,,
2019-03-05,,
2019-03-06,-4322.0,-5481.0
2019-03-07,-4286.0,-5445.0
2019-03-08,-3213.0,-4372.0
2019-03-09,,
2019-03-10,,
2019-03-11,-2764.0,-3923.0
2019-03-12,-2970.0,-4129.0
2019-03-13,-2754.0,-3913.0
2019-03-14,-2934.0,-4093.0
2019-03-15,-3061.0,-4220.0
2019-03-16,,
2019-03-17,,
2019-03-18,-3162.0,-4321.0
2019-03-19,-3307.0,-4466.0
2019-03-20,-2471.0,-3630.0
2019-03-21,-2839.0,-3998.0
2019-03-22,-2694.0,-3853.0
2019-03-23,,
2019-03-24,,
2019-03-25,-2803.0,-3962.0
2019-03-26,-2989.0,-4148.0
2019-03-27,-3824.0,-4983.0
2019-03-28,-3271.0,-4430.0
2019-03-29,-3235.0,-4394.0
2019-03-30,,
2019-03-31,,
2019-04-01,-3397.0,-4556.0
2019-04-02,-3845.0,-5004.0
2019-04-03,-3379.0,-4538.0
2019-04-04,-3021.0,-4180.0
2019-04-05,-3180.0,-4339.0
2019-04-06,,
2019-04-07,,
2019-04-08,-3208.0,-4367.0
2019-04-09,-3684.0,-4843.0
2019-04-10,-3841.0,-5000.0
2019-04-11,-3727.0,-4886.0
2019-04-12,-3922.0,-5081.0
2019-04-13,,
2019-04-14,,
2019-04-15,-4397.0,-5556.0
2019-04-16,-4664.0,-5823.0
2019-04-17,-5086.0,-6245.0
2019-04-18,-5118.0,-6277.0
2019-04-19,,
2019-04-20,,
2019-04-21,,
2019-04-22,-5060.0,-6219.0
2019-04-23,-5215.0,-6374.0
2019-04-24,-5737.0,-6896.0
2019-04-25,-5602.0,-6761.0
2019-04-26,-5703.0,-6862.0
2019-04-27,,
2019-04-28,,
2019-04-29,-5737.0,-6896.0
2019-04-30,-6222.0,-7381.0
2019-05-01,,
2019-05-02,-6331.0,-7490.0
2019-05-03,-6514.0,-7673.0
2019-05-04,,
2019-05-05,,
2019-05-06,-6494.0,-7653.0
2019-05-07,-6045.0,-7204.0
2019-05-08,-6196.0,-7355.0
2019-05-09,-6177.0,-7336.0
2019-05-10,-6376.0,-7535.0
2019-05-11,,
2019-05-12,,
2019-05-13,-5511.0,-6670.0
2019-05-14,-5773.0,-6932.0
2019-05-15,-5944.0,-7103.0
2019-05-16,-6420.0,-7579.0
2019-05-17,-6302.0,-7461.0
2019-05-18,,
2019-05-19,,
2019-05-20,-6373.0,-7532.0
2019-05-21,-5882.0,-7041.0
2019-05-22,-6163.0,-7322.0
2019-05-23,-6084.0,-7243.0
2019-05-24,-6007.0,-7166.0
2019-05-25,,
2019-05-26,,
2019-05-27,-6109.0,-7268.0
2019-05-28,-6261.0,-7420.0
2019-05-29,-6321.0,-7480.0
2019-05-30,-6370.0,-7529.0
2019-05-31,-6522.0,-7681.0
2019-06-01,,
2019-06-02,,
2019-06-03,-6248.0,-7407.0
2019-06-04,-6189.0,-7348.0
2019-06-05,-6539.0,-7698.0
2019-06-06,-6821.0,-7980.0
2019-06-07,-7019.0,-8178.0
2019-06-08,,
2019-06-09,,
2019-06-10,-6795.0,-7954.0
2019-06-11,-5825.0,-6984.0
2019-06-12,-5650.0,-6809.0
2019-06-13,-5662.0,-6821.0
2019-06-14,-5402.0,-6561.0
2019-06-15,,
2019-06-16,,
2019-06-17,-5535.0,-6694.0
2019-06-18,-5285.0,-6444.0
2019-06-19,-5024.0,-6183.0
2019-06-20,,
2019-06-21,-5098.0,-6257.0
2019-06-22,,
2019-06-23,,
2019-06-24,-5102.0,-6261.0
2019-06-25,-3872.0,-5031.0
2019-06-26,-4079.0,-5238.0
2019-06-27,-4355.0,-5514.0
2019-06-28,-4409.0,-5568.0
2019-06-29,,
2019-06-30,,
2019-07-01,-4379.0,-5538.0
2019-07-02,-4529.0,-5688.0
2019-07-03,-4841.0,-6000.0
2019-07-04,-4771.0,-5930.0
2019-07-05,-4738.0,-5897.0
2019-07-06,,
2019-07-07,,
2019-07-08,-4776.0,-5935.0
2019-07-09,,
2019-07-10,-5656.0,-6815.0
2019-07-11,-5796.0,-6955.0
2019-07-12,-6274.0,-7433.0
2019-07-13,,
2019-07-14,,
2019-07-15,-6240.0,-7399.0
2019-07-16,-6193.0,-7352.0
2019-07-17,-6880.0,-8039.0
2019-07-18,-7284.0,-8443.0
2019-07-19,-7172.0,-8331.0
2019-07-20,,
2019-07-21,,
2019-07-22,-7208.0,-8367.0
2019-07-23,-7337.0,-8496.0
2019-07-24,-7457.0,-8616.0
2019-07-25,-7465.0,-8624.0
2019-07-26,-7385.0,-8544.0
2019-07-27,,
2019-07-28,,
2019-07-29,-7736.0,-8895.0
2019-07-30,-7759.0,-8918.0
2019-07-31,-7436.0,-8595.0
2019-08-01,-9310.0,-10469.0
2019-08-02,-9170.0,-10329.0
2019-08-03,,
2019-08-04,,
2019-08-05,-9453.0,-10612.0
2019-08-06,-9884.0,-11043.0
2019-08-07,-9953.0,-11112.0
2019-08-08,-9777.0,-10936.0
2019-08-09,-10078.0,-11237.0
2019-08-10,,
2019-08-11,,
2019-08-12,-10336.0,-11495.0
2019-08-13,-10428.0,-11587.0
2019-08-14,-10491.0,-11650.0
2019-08-15,-9682.0,-10841.0
2019-08-16,-9848.0,-11007.0
2019-08-17,,
2019-08-18,,
2019-08-19,-9177.0,-10336.0
2019-08-20,-9314.0,-10473.0
2019-08-21,-9619.0,-10778.0
2019-08-22,-9924.0,-11083.0
2019-08-23,-9886.0,-11045.0
2019-08-24,,
2019-08-25,,
2019-08-26,-9898.0,-11057.0
2019-08-27,-10019.0,-11178.0
2019-08-28,-10153.0,-11312.0
2019-08-29,-9185.0,-10344.0
2019-08-30,-9657.0,-10816.0
2019-08-31,,
2019-09-01,,
2019-09-02,-9409.0,-10568.0
2019-09-03,-9501.0,-10660.0
2019-09-04,-9640.0,-10799.0
2019-09-05,-9349.0,-10508.0
2019-09-06,-9362.0,-10521.0
2019-09-07,,
2019-09-08,,
2019-09-09,-9158.0,-10317.0
2019-09-10,-9217.0,-10376.0
2019-09-11,-9155.0,-10314.0
2019-09-12,-9050.0,-10209.0
2019-09-13,-8405.0,-9564.0
2019-09-14,,
2019-09-15,,
2019-09-16,-8668.0,-9827.0
2019-09-17,-7754.0,-8913.0
2019-09-18,-7588.0,-8747.0
2019-09-19,-7063.0,-8222.0
2019-09-20,-7094.0,-8253.0
2019-09-21,,
2019-09-22,,
2019-09-23,-7090.0,-8249.0
2019-09-24,-7170.0,-8329.0
2019-09-25,-7264.0,-8423.0
2019-09-26,-7431.0,-8590.0
2019-09-27,-7514.0,-8673.0
2019-09-28,,
2019-09-29,,
2019-09-30,-7589.0,-8748.0
2019-10-01,-7724.0,-8883.0
2019-10-02,-7054.0,-8213.0
2019-10-03,-7245.0,-8404.0
2019-10-04,-7386.0,-8545.0
2019-10-05,,
2019-10-06,,
2019-10-07,-6296.0,-7455.0
2019-10-08,-5999.0,-7158.0
2019-10-09,-5811.0,-6970.0
2019-10-10,-5766.0,-6925.0
2019-10-11,-6342.0,-7501.0
2019-10-12,,
2019-10-13,,
2019-10-14,-6540.0,-7699.0
2019-10-15,-6876.0,-8035.0
2019-10-16,-6726.0,-7885.0
2019-10-17,-6961.0,-8120.0
2019-10-18,-6870.0,-8029.0
2019-10-19,,
2019-10-20,,
2019-10-21,-5918.0,-7077.0
2019-10-22,-5982.0,-7141.0
2019-10-23,-5980.0,-7139.0
2019-10-24,-6114.0,-7273.0
2019-10-25,-6424.0,-7583.0
2019-10-26,,
2019-10-27,,
2019-10-28,-6417.0,-7576.0
2019-10-29,-6545.0,-7704.0
2019-10-30,-6842.0,-8001.0
2019-10-31,-7164.0,-8323.0
2019-11-01,-7205.0,-8364.0
2019-11-02,,
2019-11-03,,
2019-11-04,-7401.0,-8560.0
2019-11-05,-7455.0,-8614.0
2019-11-06,-7168.0,-8327.0
2019-11-07,-7214.0,-8373.0
2019-11-08,-7392.0,-8551.0
2019-11-09,,
2019-11-10,,
2019-11-11,-7742.0,-8901.0
2019-11-12,-7515.0,-8674.0
2019-11-13,-7762.0,-8921.0
2019-11-14,-8065.0,-9224.0
2019-11-15,,
2019-11-16,,
2019-11-17,,
2019-11-18,-7829.0,-8988.0
2019-11-19,-7874.0,-9033.0
2019-11-20,,
2019-11-21,-8539.0,-9698.0
2019-11-22,-8763.0,-9922.0
2019-11-23,,
2019-11-24,,
2019-11-25,-8902.0,-10061.0
2019-11-26,-8707.0,-9866.0
2019-11-27,-9162.0,-10321.0
2019-11-28,-9536.0,-10695.0
2019-11-29,-9756.0,-10915.0
2019-11-30,,
2019-12-01,,
2019-12-02,-9693.0,-10852.0
2019-12-03,-9478.0,-10637.0
2019-12-04,-9401.0,-10560.0
2019-12-05,-9775.0,-10934.0
2019-12-06,-9874.0,-11033.0
2019-12-07,,
2019-12-08,,
2019-12-09,-10119.0,-11278.0
2019-12-10,-10433.0,-11592.0
2019-12-11,-10537.0,-11696.0
2019-12-12,-10621.0,-11780.0
2019-12-13,-10541.0,-11700.0
2019-12-14,,
2019-12-15,,
2019-12-16,-10344.0,-11503.0
2019-12-17,-10383.0,-11542.0
2019-12-18,-9159.0,-10318.0
2019-12-19,-9268.0,-10427.0
2019-12-20,-9221.0,-10380.0
2019-12-21,,
2019-12-22,,
2019-12-23,-8510.0,-9669.0
2019-12-24,,
2019-12-25,,
2019-12-26,-8258.0,-9417.0
2019-12-27,-8357.0,-9516.0
2019-12-28,,
2019-12-29,,
2019-12-30,-7444.0,-8603.0
2019-12-31,,
2020-01-01,,
2020-01-02,-7614.0,-8773.0
2020-01-03,-8133.0,-9292.0
2020-01-04,,
2020-01-05,,
2020-01-06,-8154.0,-9313.0
2020-01-07,-8276.0,-9435.0
2020-01-08,-8916.0,-10075.0
2020-01-09,-9290.0,-10449.0
2020-01-10,-8798.0,-9957.0
2020-01-11,,
2020-01-12,,
2020-01-13,-8265.0,-9424.0
2020-01-14,-8505.0,-9664.0
2020-01-15,-8609.0,-9768.0
2020-01-16,-9002.0,-10161.0
2020-01-17,-9193.0,-10352.0
2020-01-18,,
2020-01-19,,
2020-01-20,-9142.0,-10301.0
2020-01-21,-8274.0,-9433.0
2020-01-22,-8441.0,-9600.0
2020-01-23,-8015.0,-9174.0
2020-01-24,-7853.0,-9012.0
2020-01-25,,
2020-01-26,,
2020-01-27,-7162.0,-8321.0
2020-01-28,-7140.0,-8299.0
2020-01-29,-7091.0,-8250.0
2020-01-30,-7944.0,-9103.0
2020-01-31,-8520.0,-9679.0
2020-02-01,,
2020-02-02,,
2020-02-03,-8445.0,-9604.0
2020-02-04,-8548.0,-9707.0
2020-02-05,-8039.0,-9198.0
2020-02-06,-7222.0,-8381.0
2020-02-07,-6819.0,-7978.0
2020-02-08,,
2020-02-09,,
2020-02-10,-6558.0,-7717.0
2020-02-11,-6613.0,-7772.0
2020-02-12,-6390.0,-7549.0
2020-02-13,-6593.0,-7752.0
2020-02-14,-6558.0,-7717.0
2020-02-15,,
2020-02-16,,
2020-02-17,-6682.0,-7841.0
2020-02-18,-8236.0,-9395.0
2020-02-19,-8214.0,-9373.0
2020-02-20,-8100.0,-9259.0
2020-02-21,-7925.0,-9084.0
2020-02-22,,
2020-02-23,,
2020-02-24,,
2020-02-25,,
2020-02-26,-7470.0,-8629.0
2020-02-27,-7884.0,-9043.0
2020-02-28,-6259.0,-7418.0
2020-02-29,,
2020-03-01,,
2020-03-02,-6321.0,-7480.0
2020-03-03,-6604.0,-7763.0
2020-03-04,-6475.0,-7634.0
2020-03-05,-6850.0,-8009.0
2020-03-06,-6961.0,-8120.0
2020-03-07,,
2020-03-08,,
2020-03-09,-6922.0,-8081.0
2020-03-10,-7368.0,-8527.0
2020-03-11,-5308.0,-6467.0
2020-03-12,-5311.0,-6470.0
2020-03-13,-3430.0,-4589.0
2020-03-14,,
2020-03-15,,
2020-03-16,-3880.0,-5039.0
2020-03-17,-4245.0,-5404.0
2020-03-18,-3716.0,-4875.0
2020-03-19,-1804.0,-2963.0
2020-03-20,-1980.0,-3139.0
2020-03-21,,
2020-03-22,,
2020-03-23,-2743.0,-3902.0
2020-03-24,-2859.0,-4018.0
2020-03-25,-1411.0,-2570.0
2020-03-26,-1775.0,-2934.0
2020-03-27,-2320.0,-3479.0
2020-03-28,,
2020-03-29,,
2020-03-30,-2321.0,-3480.0
2020-03-31,-770.0,-1929.0
2020-04-01,-1319.0,-2478.0
2020-04-02,-1242.0,-2401.0
2020-04-03,-890.0,-2049.0
2020-04-04,,
2020-04-05,,
2020-04-06,-1149.0,-2308.0
2020-04-07,-1991.0,-3150.0
2020-04-08,-1862.0,-3021.0
2020-04-09,-2578.0,-3737.0
2020-04-10,,
2020-04-11,,
2020-04-12,,
2020-04-13,-2664.0,-3823.0
2020-04-14,-1916.0,-3075.0
2020-04-15,-1822.0,-2981.0
2020-04-16,-2319.0,-3478.0
2020-04-17,-2071.0,-3230.0
2020-04-18,,
2020-04-19,,
2020-04-20,-768.0,-1927.0
2020-04-21,,
2020-04-22,-1078.0,-2237.0
2020-04-23,340.0,-819.0
2020-04-24,337.0,-822.0
2020-04-25,,
2020-04-26,,
2020-04-27,45.0,-1114.0
2020-04-28,-427.0,-1586.0
2020-04-29,-815.0,-1974.0
2020-04-30,-630.0,-1789.0
2020-05-01,,
2020-05-02,,
2020-05-03,,
2020-05-04,-246.0,-1405.0
2020-05-05,-63.0,-1222.0
2020-05-06,195.0,-964.0
2020-05-07,538.0,-621.0
2020-05-08,-119.0,-1278.0
2020-05-09,,
2020-05-10,,
2020-05-11,-551.0,-1710.0
2020-05-12,168.0,-991.0
2020-05-13,-282.0,-1441.0
2020-05-14,1687.0,0.0
2020-05-15,1371.0,-316.0
2020-05-16,,
2020-05-17,,
2020-05-18,1162.0,-525.0
2020-05-19,-46.0,-1733.0
2020-05-20,-129.0,-1816.0
2020-05-21,-822.0,-2509.0
2020-05-22,533.0,-1154.0
2020-05-23,,
2020-05-24,,
2020-05-25,409.0,-1278.0
2020-05-26,558.0,-1129.0
2020-05-27,1256.0,-431.0
2020-05-28,114.0,-1573.0
2020-05-29,-360.0,-2047.0
2020-05-30,,
2020-05-31,,
2020-06-01,-379.0,-2066.0
2020-06-02,-263.0,-1950.0
2020-06-03,-132.0,-1819.0
2020-06-04,-209.0,-1896.0
2020-06-05,-1931.0,-3618.0
2020-06-06,,
2020-06-07,,
2020-06-08,-1289.0,-2976.0
2020-06-09,-1305.0,-2992.0
2020-06-10,-1720.0,-3407.0
2020-06-11,,
2020-06-12,-1642.0,-3329.0
2020-06-13,,
2020-06-14,,
2020-06-15,-2732.0,-4419.0
2020-06-16,-3055.0,-4742.0
2020-06-17,-2468.0,-4155.0
2020-06-18,-2161.0,-3848.0
2020-06-19,-2017.0,-3704.0
2020-06-20,,
2020-06-21,,
2020-06-22,-2348.0,-4035.0
2020-06-23,-1758.0,-3445.0
2020-06-24,-1948.0,-3635.0
2020-06-25,-2114.0,-3801.0
2020-06-26,-2699.0,-4386.0
2020-06-27,,
2020-06-28,,
2020-06-29,-2283.0,-3970.0
2020-06-30,-2160.0,-3847.0
2020-07-01,-2404.0,-4091.0
2020-07-02,-2592.0,-4279.0
2020-07-03,-2909.0,-4596.0
2020-07-04,,
2020-07-05,,
2020-07-06,-2761.0,-4448.0
2020-07-07,-2984.0,-4671.0
2020-07-08,-3200.0,-4887.0
2020-07-09,-3369.0,-5056.0
2020-07-10,-3633.0,-5320.0
2020-07-11,,
2020-07-12,,
2020-07-13,-2428.0,-4115.0
2020-07-14,-1874.0,-3561.0
2020-07-15,-2833.0,-4520.0
2020-07-16,-2949.0,-4636.0
2020-07-17,-2246.0,-3933.0
2020-07-18,,
2020-07-19,,
2020-07-20,-2279.0,-3966.0
2020-07-21,-2460.0,-4147.0
2020-07-22,-2980.0,-4667.0
2020-07-23,-3947.0,-5634.0
2020-07-24,-4434.0,-6121.0
2020-07-25,,
2020-07-26,,
2020-07-27,-4724.0,-6411.0
2020-07-28,-4680.0,-6367.0
2020-07-29,-4936.0,-6623.0
2020-07-30,-3785.0,-5472.0
2020-07-31,-4147.0,-5834.0
2020-08-01,,
2020-08-02,,
2020-08-03,-4262.0,-5949.0
2020-08-04,-3720.0,-5407.0
2020-08-05,-3334.0,-5021.0
2020-08-06,-3325.0,-5012.0
2020-08-07,-2963.0,-4650.0
2020-08-08,,
2020-08-09,,
2020-08-10,-1876.0,-3563.0
2020-08-11,-1927.0,-3614.0
2020-08-12,-1377.0,-3064.0
2020-08-13,-805.0,-2492.0
2020-08-14,-964.0,-2651.0
2020-08-15,,
2020-08-16,,
2020-08-17,-299.0,-1986.0
2020-08-18,-345.0,-2032.0
2020-08-19,-744.0,-2431.0
2020-08-20,-223.0,-1910.0
2020-08-21,-468.0,-2155.0
2020-08-22,,
2020-08-23,,
2020-08-24,-502.0,-2189.0
2020-08-25,-768.0,-2455.0
2020-08-26,352.0,-1335.0
2020-08-27,-68.0,-1755.0
2020-08-28,-11.0,-1698.0
2020-08-29,,
2020-08-30,,
2020-08-31,31.0,-1656.0
2020-09-01,3.0,-1684.0
2020-09-02,-106.0,-1793.0
2020-09-03,341.0,-1346.0
2020-09-04,1061.0,-626.0
2020-09-05,,
2020-09-06,,
2020-09-07,,
2020-09-08,885.0,-802.0
2020-09-09,730.0,-957.0
2020-09-10,974.0,-713.0
2020-09-11,1005.0,-682.0
2020-09-12,,
2020-09-13,,
2020-09-14,1526.0,-161.0
2020-09-15,1346.0,-341.0
2020-09-16,1089.0,-598.0
2020-09-17,1409.0,-278.0
2020-09-18,2323.0,-28.0
2020-09-19,,
2020-09-20,,
2020-09-21,2297.0,-330.0
2020-09-22,2311.0,-316.0
2020-09-23,1263.0,-1364.0
2020-09-24,733.0,-1894.0
2020-09-25,1497.0,-1130.0
2020-09-26,,
2020-09-27,,
2020-09-28,1190.0,-1437.0
2020-09-29,1835.0,-792.0
2020-09-30,1675.0,-952.0
2020-10-01,1821.0,-806.0
2020-10-02,2309.0,-318.0
2020-10-03,,
2020-10-04,,
2020-10-05,2340.0,-287.0
2020-10-06,2171.0,-723.0
2020-10-07,2063.0,-831.0
2020-10-08,1752.0,-1142.0
2020-10-09,1479.0,-1415.0
2020-10-10,,
2020-10-11,,
2020-10-12,,
2020-10-13,1674.0,-1220.0
2020-10-14,1603.0,-1291.0
2020-10-15,1698.0,-1196.0
2020-10-16,1536.0,-1358.0
2020-10-17,,
2020-10-18,,
2020-10-19,1462.0,-1432.0
2020-10-20,849.0,-2045.0
2020-10-21,774.0,-2120.0
2020-10-22,1141.0,-1753.0
2020-10-23,969.0,-1925.0
2020-10-24,,
2020-10-25,,
2020-10-26,1657.0,-1237.0
2020-10-27,3374.0,0.0
2020-10-28,4565.0,0.0
2020-10-29,4982.0,0.0
2020-10-30,4411.0,-598.0
2020-10-31,,
2020-11-01,,
2020-11-02,,
2020-11-03,4238.0,-771.0
2020-11-04,3806.0,-1203.0
2020-11-05,4447.0,-562.0
2020-11-06,4438.0,-571.0
2020-11-07,,
2020-11-08,,
2020-11-09,4749.0,-260.0
2020-11-10,4685.0,-324.0
2020-11-11,4104.0,-905.0
2020-11-12,4635.0,-374.0
2020-11-13,4603.0,-406.0
2020-11-14,,
2020-11-15,,
2020-11-16,5550.0,-87.0
2020-11-17,5928.0,-170.0
2020-11-18,5794.0,-304.0
2020-11-19,5450.0,-648.0
2020-11-20,5451.0,-647.0
2020-11-21,,
2020-11-22,,
2020-11-23,5171.0,-927.0
2020-11-24,5355.0,-743.0
2020-11-25,5211.0,-887.0
2020-11-26,5055.0,-1043.0
2020-11-27,4972.0,-1126.0
2020-11-28,,
2020-11-29,,
2020-11-30,4668.0,-1430.0
2020-12-01,4783.0,-1315.0
2020-12-02,4933.0,-1165.0
2020-12-03,4738.0,-1360.0
2020-12-04,4532.0,-1566.0
2020-12-05,,
2020-12-06,,
2020-12-07,4718.0,-1380.0
2020-12-08,4460.0,-1638.0
2020-12-09,4064.0,-2034.0
2020-12-10,4095.0,-2003.0
2020-12-11,4101.0,-1997.0
2020-12-12,,
2020-12-13,,
2020-12-14,4429.0,-1669.0
2020-12-15,4643.0,-1455.0
2020-12-16,3699.0,-2399.0
2020-12-17,3455.0,-2643.0
2020-12-18,3821.0,-2277.0
2020-12-19,,
2020-12-20,,
2020-12-21,4125.0,-1973.0
2020-12-22,4236.0,-1862.0
2020-12-23,4091.0,-2007.0
2020-12-24,,
2020-12-25,,
2020-12-26,,
2020-12-27,,
2020-12-28,5288.0,-810.0
2020-12-29,5206.0,-892.0
2020-12-30,5570.0,-528.0
2020-12-31,,
2021-01-01,,
2021-01-02,,
2021-01-03,,
2021-01-04,6431.0,-108.0
2021-01-05,6502.0,-182.0
2021-01-06,7007.0,0.0
2021-01-07,7581.0,0.0
2021-01-08,8205.0,-69.0
2021-01-09,,
2021-01-10,,
2021-01-11,8951.0,-25.0
2021-01-12,8773.0,-212.0
2021-01-13,8426.0,-559.0
2021-01-14,8282.0,-703.0
2021-01-15,8350.0,-635.0
2021-01-16,,
2021-01-17,,
2021-01-18,8944.0,-41.0
2021-01-19,8753.0,-359.0
2021-01-20,9175.0,-115.0
2021-01-21,9355.0,-33.0
2021-01-22,8721.0,-667.0
2021-01-23,,
2021-01-24,,
2021-01-25,,
2021-01-26,9853.0,-190.0
2021-01-27,11139.0,0.0
2021-01-28,11458.0,-71.0
2021-01-29,11727.0,-75.0
2021-01-30,,
2021-01-31,,
2021-02-01,11616.0,-242.0
2021-02-02,11434.0,-451.0
2021-02-03,10999.0,-886.0
2021-02-04,11040.0,-845.0
2021-02-05,10445.0,-1440.0
2021-02-06,,
2021-02-07,,
2021-02-08,10708.0,-1177.0
2021-02-09,10574.0,-1311.0
2021-02-10,10268.0,-1617.0
2021-02-11,11012.0,-873.0
2021-02-12,11271.0,-614.0
2021-02-13,,
2021-02-14,,
2021-02-15,,
2021-02-16,,
2021-02-17,11336.0,-549.0
2021-02-18,11689.0,-196.0
2021-02-19,11290.0,-595.0
2021-02-20,,
2021-02-21,,
2021-02-22,12946.0,0.0
2021-02-23,13766.0,-20.0
2021-02-24,13887.0,-158.0
2021-02-25,15023.0,0.0
2021-02-26,16350.0,-186.0
2021-02-27,,
2021-02-28,,
2021-03-01,16455.0,-81.0
2021-03-02,16215.0,-999.0
2021-03-03,14726.0,-2488.0
2021-03-04,14593.0,-2621.0
2021-03-05,14869.0,-2345.0
2021-03-06,,
2021-03-07,,
2021-03-08,15191.0,-2023.0
2021-03-09,15019.0,-2195.0
2021-03-10,15214.0,-2000.0
2021-03-11,15452.0,-1762.0
2021-03-12,15567.0,-1647.0
2021-03-13,,
2021-03-14,,
2021-03-15,15718.0,-1496.0
2021-03-16,15671.0,-1543.0
2021-03-17,15791.0,-1423.0
2021-03-18,15655.0,-1559.0
2021-03-19,15627.0,-1587.0
2021-03-20,,
2021-03-21,,
2021-03-22,15489.0,-1725.0
2021-03-23,14837.0,-2377.0
2021-03-24,14885.0,-2329.0
2021-03-25,15610.0,-1604.0
2021-03-26,16054.0,-1160.0
2021-03-27,,
2021-03-28,,
2021-03-29,15879.0,-1335.0
2021-03-30,15691.0,-1523.0
2021-03-31,15506.0,-1708.0
2021-04-01,15934.0,-1280.0
2021-04-02,,
2021-04-03,,
2021-04-04,,
2021-04-05,15757.0,-1457.0
2021-04-06,15756.0,-1458.0
2021-04-07,15848.0,-1366.0
2021-04-08,15858.0,-1356.0
2021-04-09,15283.0,-1931.0
2021-04-10,,
2021-04-11,,
2021-04-12,15089.0,-2125.0
2021-04-13,15014.0,-2200.0
2021-04-14,14741.0,-2473.0
2021-04-15,14556.0,-2658.0
2021-04-16,14339.0,-2875.0
2021-04-17,,
2021-04-18,,
2021-04-19,14180.0,-3034.0
2021-04-20,14255.0,-2959.0
2021-04-21,,
2021-04-22,14256.0,-2958.0
2021-04-23,14001.0,-3213.0
2021-04-24,,
2021-04-25,,
2021-04-26,13822.0,-3392.0
2021-04-27,14721.0,-2493.0
2021-04-28,15940.0,-1274.0
2021-04-29,15951.0,-1263.0
2021-04-30,16046.0,-1168.0
2021-05-01,,
2021-05-02,,
2021-05-03,15959.0,-1255.0
2021-05-04,15573.0,-1641.0
2021-05-05,15395.0,-1819.0
2021-05-06,15588.0,-1626.0
2021-05-07,15802.0,-1412.0
2021-05-08,,
2021-05-09,,
2021-05-10,15431.0,-1783.0
2021-05-11,15368.0,-1846.0
2021-05-12,15714.0,-1500.0
2021-05-13,15395.0,-1819.0
2021-05-14,15239.0,-1975.0
2021-05-15,,
2021-05-16,,
2021-05-17,14709.0,-2505.0
2021-05-18,14406.0,-2808.0
2021-05-19,14974.0,-2240.0
2021-05-20,14765.0,-2449.0
2021-05-21,14629.0,-2585.0
2021-05-22,,
2021-05-23,,
2021-05-24,15235.0,-1979.0
2021-05-25,15240.0,-1974.0
2021-05-26,15061.0,-2153.0
2021-05-27,14759.0,-2455.0
2021-05-28,14879.0,-2335.0
2021-05-29,,
2021-05-30,,
2021-05-31,14947.0,-2267.0
2021-06-01,14980.0,-2234.0
2021-06-02,15075.0,-2139.0
2021-06-03,,
2021-06-04,14859.0,-2355.0
2021-06-05,,
2021-06-06,,
2021-06-07,15032.0,-2182.0
2021-06-08,15112.0,-2102.0
2021-06-09,14850.0,-2364.0
2021-06-10,14529.0,-2685.0
2021-06-11,14447.0,-2767.0
2021-06-12,,
2021-06-13,,
2021-06-14,14551.0,-2663.0
2021-06-15,14463.0,-2751.0
2021-06-16,13938.0,-3276.0
2021-06-17,14153.0,-3061.0
2021-06-18,14075.0,-3139.0
2021-06-19,,
2021-06-20,,
2021-06-21,13905.0,-3309.0
2021-06-22,14559.0,-2655.0
2021-06-23,15402.0,-1812.0
2021-06-24,15328.0,-1886.0
2021-06-25,16529.0,-685.0
2021-06-26,,
2021-06-27,,
2021-06-28,16262.0,-952.0
2021-06-29,16028.0,-1186.0
2021-06-30,15503.0,-1711.0
2021-07-01,15374.0,-1840.0
2021-07-02,15736.0,-1478.0
2021-07-03,,
2021-07-04,,
2021-07-05,15661.0,-1553.0
2021-07-06,15403.0,-1811.0
2021-07-07,15845.0,-1369.0
2021-07-08,15778.0,-1436.0
2021-07-09,,
2021-07-10,,
2021-07-11,,
2021-07-12,16630.0,-584.0
2021-07-13,17880.0,0.0
2021-07-14,17616.0,-268.0
2021-07-15,17654.0,-230.0
2021-07-16,18912.0,-41.0
2021-07-17,,
2021-07-18,,
2021-07-19,19008.0,-169.0
2021-07-20,18770.0,-407.0
2021-07-21,18883.0,-294.0
2021-07-22,19009.0,-168.0
2021-07-23,19239.0,-31.0
2021-07-24,,
2021-07-25,,
2021-07-26,18935.0,-335.0
2021-07-27,18711.0,-559.0
2021-07-28,19293.0,0.0
2021-07-29,19367.0,0.0
2021-07-30,19132.0,-235.0
2021-07-31,,
2021-08-01,,
2021-08-02,18883.0,-525.0
2021-08-03,19340.0,-113.0
2021-08-04,18901.0,-552.0
2021-08-05,20513.0,-22.0
2021-08-06,20460.0,-138.0
2021-08-07,,
2021-08-08,,
2021-08-09,20475.0,-123.0
2021-08-10,20300.0,-298.0
2021-08-11,20706.0,-143.0
2021-08-12,20198.0,-651.0
2021-08-13,20256.0,-593.0
2021-08-14,,
2021-08-15,,
2021-08-16,20103.0,-746.0
2021-08-17,19842.0,-1007.0
2021-08-18,20558.0,-412.0
2021-08-19,21629.0,-150.0
2021-08-20,21882.0,-116.0
2021-08-21,,
2021-08-22,,
2021-08-23,21785.0,-213.0
2021-08-24,21738.0,-260.0
2021-08-25,21463.0,-535.0
2021-08-26,21715.0,-283.0
2021-08-27,21583.0,-415.0
2021-08-28,,
2021-08-29,,
2021-08-30,21300.0,-698.0
2021-08-31,21036.0,-962.0
2021-09-01,21842.0,-156.0
2021-09-02,22273.0,-120.0
2021-09-03,22022.0,-371.0
2021-09-04,,
2021-09-05,,
2021-09-06,21697.0,-696.0
2021-09-07,,
2021-09-08,21937.0,-456.0
2021-09-09,21569.0,-824.0
2021-09-10,20210.0,-2183.0
2021-09-11,,
2021-09-12,,
2021-09-13,19830.0,-2563.0
2021-09-14,19630.0,-2763.0
2021-09-15,19485.0,-2908.0
2021-09-16,19424.0,-2969.0
2021-09-17,19895.0,-2498.0
2021-09-18,,
2021-09-19,,
2021-09-20,20008.0,-2385.0
2021-09-21,20178.0,-2215.0
2021-09-22,20105.0,-2288.0
2021-09-23,19870.0,-2523.0
2021-09-24,20222.0,-2171.0
2021-09-25,,
2021-09-26,,
2021-09-27,21049.0,-1344.0
2021-09-28,21441.0,-952.0
2021-09-29,21379.0,-1014.0
2021-09-30,21529.0,-864.0
2021-10-01,22144.0,-249.0
2021-10-02,,
2021-10-03,,
2021-10-04,21892.0,-501.0
2021-10-05,21774.0,-619.0
2021-10-06,20818.0,-1575.0
2021-10-07,20741.0,-1652.0
2021-10-08,20820.0,-1573.0
2021-10-09,,
2021-10-10,,
2021-10-11,21230.0,-1163.0
2021-10-12,,
2021-10-13,21057.0,-1336.0
2021-10-14,20527.0,-1866.0
2021-10-15,20521.0,-1872.0
2021-10-16,,
2021-10-17,,
2021-10-18,21249.0,-1144.0
2021-10-19,21647.0,-746.0
2021-10-20,20521.0,-1872.0
2021-10-21,18783.0,-3610.0
2021-10-22,18491.0,-3902.0
2021-10-23,,
2021-10-24,,
2021-10-25,18859.0,-3534.0
2021-10-26,18697.0,-3696.0
2021-10-27,19335.0,-3058.0
2021-10-28,20039.0,-2354.0
2021-10-29,20035.0,-2358.0
2021-10-30,,
2021-10-31,,
2021-11-01,19776.0,-2617.0
2021-11-02,,
2021-11-03,20195.0,-2198.0
2021-11-04,20464.0,-1929.0
2021-11-05,20085.0,-2308.0
2021-11-06,,
2021-11-07,,
2021-11-08,20005.0,-2388.0
2021-11-09,19755.0,-2638.0
2021-11-10,19119.0,-3274.0
2021-11-11,18932.0,-3461.0
2021-11-12,18590.0,-3803.0
2021-11-13,,
2021-11-14,,
2021-11-15,,
2021-11-16,18350.0,-4043.0
2021-11-17,18894.0,-3499.0
2021-11-18,18726.0,-3667.0
2021-11-19,18584.0,-3809.0
2021-11-20,,
2021-11-21,,
2021-11-22,19095.0,-3298.0
2021-11-23,19282.0,-3111.0
2021-11-24,19208.0,-3185.0
2021-11-25,18971.0,-3422.0
2021-11-26,18860.0,-3533.0
2021-11-27,,
2021-11-28,,
2021-11-29,18821.0,-3572.0
2021-11-30,19144.0,-3249.0
2021-12-01,20169.0,-2224.0
2021-12-02,20600.0,-1793.0
2021-12-03,20243.0,-2150.0
2021-12-04,,
2021-12-05,,
2021-12-06,19870.0,-2523.0
2021-12-07,19633.0,-2760.0
2021-12-08,19569.0,-2824.0
2021-12-09,19376.0,-3017.0
2021-12-10,19357.0,-3036.0
2021-12-11,,
2021-12-12,,
2021-12-13,20123.0,-2270.0
2021-12-14,20277.0,-2116.0
2021-12-15,20376.0,-2017.0
2021-12-16,20052.0,-2341.0
2021-12-17,19738.0,-2655.0
2021-12-18,,
2021-12-19,,
2021-12-20,19440.0,-2953.0
2021-12-21,19325.0,-3068.0
2021-12-22,19885.0,-2508.0
2021-12-23,19935.0,-2458.0
2021-12-24,,
2021-12-25,,
2021-12-26,,
2021-12-27,19974.0,-2419.0
2021-12-28,19819.0,-2574.0
2021-12-29,19840.0,-2553.0
2021-12-30,19936.0,-2457.0
2021-12-31,,
2022-01-01,,
2022-01-02,,
2022-01-03,19813.0,-2580.0
2022-01-04,19715.0,-2678.0
2022-01-05,19802.0,-2591.0
2022-01-06,19371.0,-3022.0
2022-01-07,19186.0,-3207.0
2022-01-08,,
2022-01-09,,
2022-01-10,19797.0,-2596.0
2022-01-11,20255.0,-2138.0
2022-01-12,20503.0,-1890.0
2022-01-13,20428.0,-1965.0
2022-01-14,21103.0,-1290.0
2022-01-15,,
2022-01-16,,
2022-01-17,20773.0,-1620.0
2022-01-18,20637.0,-1756.0
2022-01-19,20650.0,-1743.0
2022-01-20,20754.0,-1639.0
2022-01-21,20697.0,-1696.0
2022-01-22,,
2022-01-23,,
2022-01-24,20418.0,-1975.0
2022-01-25,20290.0,-2103.0
2022-01-26,20393.0,-2000.0
2022-01-27,19876.0,-2517.0
2022-01-28,19449.0,-2944.0
2022-01-29,,
2022-01-30,,
2022-01-31,19021.0,-3372.0
2022-02-01,18876.0,-3517.0
2022-02-02,18690.0,-3703.0
2022-02-03,18287.0,-4106.0
2022-02-04,18101.0,-4292.0
2022-02-05,,
2022-02-06,,
2022-02-07,17918.0,-4475.0
2022-02-08,18911.0,-3482.0
2022-02-09,19085.0,-3308.0
2022-02-10,18955.0,-3438.0
2022-02-11,18021.0,-4372.0
2022-02-12,,
2022-02-13,,
2022-02-14,17963.0,-4430.0
2022-02-15,17343.0,-5050.0
2022-02-16,17344.0,-5049.0
2022-02-17,17590.0,-4803.0
2022-02-18,17896.0,-4497.0
2022-02-19,,
2022-02-20,,
2022-02-21,19224.0,-3169.0
2022-02-22,19204.0,-3189.0
2022-02-23,19530.0,-2863.0
2022-02-24,19942.0,-2451.0
2022-02-25,21577.0,-816.0
2022-02-26,,
2022-02-27,,
2022-02-28,,
2022-03-01,,
2022-03-02,21659.0,-734.0
2022-03-03,21463.0,-930.0
2022-03-04,21261.0,-1132.0
2022-03-05,,
2022-03-06,,
2022-03-07,22742.0,0.0
2022-03-08,22590.0,-223.0
2022-03-09,22560.0,-253.0
2022-03-10,22463.0,-350.0
2022-03-11,23376.0,-114.0
2022-03-12,,
2022-03-13,,
2022-03-14,23330.0,-329.0
2022-03-15,23229.0,-430.0
2022-03-16,24567.0,-60.0
2022-03-17,25767.0,-151.0
2022-03-18,25917.0,-56.0
2022-03-19,,
2022-03-20,,
2022-03-21,25821.0,-156.0
2022-03-22,25487.0,-490.0
2022-03-23,25523.0,-454.0
2022-03-24,25638.0,-339.0
2022-03-25,25483.0,-494.0
2022-03-26,,
2022-03-27,,
2022-03-28,25458.0,-519.0
2022-03-29,25207.0,-770.0
2022-03-30,24971.0,-1006.0
2022-03-31,24939.0,-1038.0
2022-04-01,24707.0,-1270.0
2022-04-02,,
2022-04-03,,
2022-04-04,24649.0,-1328.0
2022-04-05,24558.0,-1419.0
2022-04-06,24176.0,-1801.0
2022-04-07,23979.0,-1998.0
2022-04-08,23498.0,-2479.0
2022-04-09,,
2022-04-10,,
2022-04-11,23372.0,-2605.0
2022-04-12,24099.0,-1878.0
2022-04-13,23853.0,-2124.0
2022-04-14,23656.0,-2321.0
2022-04-15,,
2022-04-16,,
2022-04-17,,
2022-04-18,23504.0,-2473.0
2022-04-19,23242.0,-2735.0
2022-04-20,23240.0,-2737.0
2022-04-21,,
2022-04-22,23432.0,-2545.0
2022-04-23,,
2022-04-24,,
2022-04-25,24554.0,-1423.0
2022-04-26,25375.0,-602.0
2022-04-27,25140.0,-837.0
2022-04-28,25522.0,-455.0
2022-04-29,25125.0,-852.0
2022-04-30,,
2022-05-01,,
2022-05-02,25155.0,-822.0
2022-05-03,24856.0,-1121.0
2022-05-04,26130.0,0.0
2022-05-05,26381.0,-7.0
2022-05-06,26020.0,-368.0
2022-05-07,,
2022-05-08,,
2022-05-09,26316.0,-231.0
2022-05-10,25882.0,-665.0
2022-05-11,25390.0,-1157.0
2022-05-12,24912.0,-1635.0
2022-05-13,24793.0,-1754.0
2022-05-14,,
2022-05-15,,
2022-05-16,24904.0,-1643.0
2022-05-17,24888.0,-1659.0
2022-05-18,25545.0,-1002.0
2022-05-19,25540.0,-1007.0
2022-05-20,25467.0,-1080.0
2022-05-21,,
2022-05-22,,
2022-05-23,25509.0,-1038.0
2022-05-24,25934.0,-613.0
2022-05-25,26071.0,-476.0
2022-05-26,26170.0,-377.0
2022-05-27,26138.0,-409.0
2022-05-28,,
2022-05-29,,
2022-05-30,26311.0,-236.0
2022-05-31,26302.0,-245.0
2022-06-01,26387.0,-160.0
2022-06-02,26723.0,-125.0
2022-06-03,26600.0,-248.0
2022-06-04,,
2022-06-05,,
2022-06-06,26411.0,-437.0
2022-06-07,26174.0,-674.0
2022-06-08,25834.0,-1014.0
2022-06-09,25391.0,-1457.0
2022-06-10,25253.0,-1595.0
2022-06-11,,
2022-06-12,,
2022-06-13,24807.0,-2041.0
2022-06-14,24614.0,-2234.0
2022-06-15,24385.0,-2463.0
2022-06-16,,
2022-06-17,24023.0,-2825.0
2022-06-18,,
2022-06-19,,
2022-06-20,24044.0,-2804.0
2022-06-21,24243.0,-2605.0
2022-06-22,23814.0,-3034.0
2022-06-23,24505.0,-2343.0
2022-06-24,24498.0,-2350.0
2022-06-25,,
2022-06-26,,
2022-06-27,24875.0,-1973.0
2022-06-28,24720.0,-2128.0
2022-06-29,24447.0,-2401.0
2022-06-30,24034.0,-2814.0
2022-07-01,24285.0,-2563.0
2022-07-02,,
2022-07-03,,
2022-07-04,24941.0,-1907.0
2022-07-05,24773.0,-2075.0
2022-07-06,24981.0,-1867.0
2022-07-07,24869.0,-1979.0
2022-07-08,24948.0,-1900.0
2022-07-09,,
2022-07-10,,
2022-07-11,24974.0,-1874.0
2022-07-12,24567.0,-2281.0
2022-07-13,25165.0,-1683.0
2022-07-14,25056.0,-1792.0
2022-07-15,24951.0,-1897.0
2022-07-16,,
2022-07-17,,
2022-07-18,24628.0,-2220.0
2022-07-19,25110.0,-1738.0
2022-07-20,24705.0,-2143.0
2022-07-21,25119.0,-1729.0
2022-07-22,25619.0,-1229.0
2022-07-23,,
2022-07-24,,
2022-07-25,25428.0,-1420.0
2022-07-26,25560.0,-1288.0
2022-07-27,25983.0,-865.0
2022-07-28,27017.0,0.0
2022-07-29,27256.0,-19.0
2022-07-30,,
2022-07-31,,
2022-08-01,27695.0,-136.0
2022-08-02,27817.0,-169.0
2022-08-03,28117.0,-2.0
2022-08-04,29372.0,0.0
2022-08-05,29227.0,-227.0
2022-08-06,,
2022-08-07,,
2022-08-08,29097.0,-357.0
2022-08-09,28665.0,-789.0
2022-08-10,28564.0,-890.0
2022-08-11,28242.0,-1212.0
2022-08-12,28515.0,-939.0
2022-08-13,,
2022-08-14,,
2022-08-15,28552.0,-902.0
2022-08-16,28787.0,-667.0
2022-08-17,28748.0,-706.0
2022-08-18,28258.0,-1196.0
2022-08-19,28360.0,-1094.0
2022-08-20,,
2022-08-21,,
2022-08-22,28187.0,-1267.0
2022-08-23,28091.0,-1363.0
2022-08-24,28020.0,-1434.0
2022-08-25,27995.0,-1459.0
2022-08-26,27892.0,-1562.0
2022-08-27,,
2022-08-28,,
2022-08-29,27742.0,-1712.0
2022-08-30,28469.0,-985.0
2022-08-31,29146.0,-308.0
2022-09-01,29285.0,-367.0
2022-09-02,30074.0,-78.0
2022-09-03,,
2022-09-04,,
2022-09-05,29928.0,-224.0
2022-09-06,29812.0,-340.0
2022-09-07,,
2022-09-08,29759.0,-393.0
2022-09-09,29592.0,-560.0
2022-09-10,,
2022-09-11,,
2022-09-12,29388.0,-764.0
2022-09-13,29974.0,-179.0
2022-09-14,29632.0,-521.0
2022-09-15,29558.0,-595.0
2022-09-16,29695.0,-458.0
2022-09-17,,
2022-09-18,,
2022-09-19,31564.0,0.0
2022-09-20,31604.0,-79.0
2022-09-21,32385.0,-60.0
2022-09-22,31631.0,-814.0
2022-09-23,31746.0,-699.0
2022-09-24,,
2022-09-25,,
2022-09-26,32207.0,-450.0
2022-09-27,32357.0,-300.0
2022-09-28,32184.0,-473.0
2022-09-29,32500.0,-157.0
2022-09-30,32824.0,-229.0
2022-10-01,,
2022-10-02,,
2022-10-03,32342.0,-711.0
2022-10-04,32564.0,-489.0
2022-10-05,32661.0,-392.0
2022-10-06,32451.0,-602.0
2022-10-07,32076.0,-977.0
2022-10-08,,
2022-10-09,,
2022-10-10,32007.0,-1046.0
2022-10-11,31638.0,-1415.0
2022-10-12,,
2022-10-13,32365.0,-688.0
2022-10-14,31907.0,-1146.0
2022-10-15,,
2022-10-16,,
2022-10-17,31540.0,-1513.0
2022-10-18,32345.0,-708.0
2022-10-19,32227.0,-826.0
2022-10-20,32190.0,-863.0
2022-10-21,32283.0,-770.0
2022-10-22,,
2022-10-23,,
2022-10-24,33530.0,-89.0
2022-10-25,32882.0,-737.0
2022-10-26,32977.0,-642.0
2022-10-27,31881.0,-1738.0
2022-10-28,32492.0,-1127.0
2022-10-29,,
2022-10-30,,
2022-10-31,31421.0,-2198.0
2022-11-01,31932.0,-1687.0
2022-11-02,,
2022-11-03,32024.0,-1595.0
2022-11-04,32898.0,-721.0
2022-11-05,,
2022-11-06,,
2022-11-07,33235.0,-384.0
2022-11-08,33083.0,-536.0
2022-11-09,31867.0,-1752.0
2022-11-10,31890.0,-1729.0
2022-11-11,31908.0,-1711.0
2022-11-12,,
2022-11-13,,
2022-11-14,32779.0,-840.0
2022-11-15,,
2022-11-16,33673.0,-260.0
2022-11-17,34297.0,-55.0
2022-11-18,34318.0,-166.0
2022-11-19,,
2022-11-20,,
2022-11-21,33716.0,-768.0
2022-11-22,33240.0,-1244.0
2022-11-23,32645.0,-1839.0
2022-11-24,32549.0,-1935.0
2022-11-25,32173.0,-2311.0
2022-11-26,,
2022-11-27,,
2022-11-28,32021.0,-2463.0
2022-11-29,31571.0,-2913.0
2022-11-30,32709.0,-1775.0
2022-12-01,32427.0,-2057.0
2022-12-02,32619.0,-1865.0
2022-12-03,,
2022-12-04,,
2022-12-05,32612.0,-1872.0
2022-12-06,32058.0,-2426.0
2022-12-07,31608.0,-2876.0
2022-12-08,32371.0,-2113.0
2022-12-09,31950.0,-2534.0
2022-12-10,,
2022-12-11,,
2022-12-12,32275.0,-2209.0
2022-12-13,32932.0,-1552.0
2022-12-14,32856.0,-1628.0
2022-12-15,32610.0,-1874.0
2022-12-16,32617.0,-1867.0
2022-12-17,,
2022-12-18,,
2022-12-19,32960.0,-1524.0
2022-12-20,32252.0,-2232.0
2022-12-21,31958.0,-2526.0
2022-12-22,32189.0,-2295.0
2022-12-23,32124.0,-2360.0
2022-12-24,,
2022-12-25,,
2022-12-26,31873.0,-2611.0
2022-12-27,31605.0,-2879.0
2022-12-28,31935.0,-2549.0
2022-12-29,32217.0,-2267.0
2022-12-30,,
2022-12-31,,
2023-01-01,,
2023-01-02,31817.0,-2667.0
2023-01-03,33073.0,-1411.0
2023-01-04,32813.0,-1671.0
2023-01-05,33561.0,-923.0
2023-01-06,34350.0,-134.0
2023-01-07,,
2023-01-08,,
2023-01-09,34590.0,-32.0
2023-01-10,35269.0,-13.0
2023-01-11,36080.0,0.0
2023-01-12,36057.0,-325.0
2023-01-13,35839.0,-543.0
2023-01-14,,
2023-01-15,,
2023-01-16,35651.0,-731.0
2023-01-17,35993.0,-389.0
2023-01-18,35884.0,-498.0
2023-01-19,35729.0,-653.0
2023-01-20,35559.0,-823.0
2023-01-21,,
2023-01-22,,
2023-01-23,35813.0,-569.0
2023-01-24,36576.0,-18.0
2023-01-25,37399.0,0.0
2023-01-26,37173.0,-226.0
2023-01-27,37026.0,-373.0
2023-01-28,,
2023-01-29,,
2023-01-30,36660.0,-739.0
2023-01-31,36288.0,-1111.0
2023-02-01,36045.0,-1354.0
2023-02-02,36087.0,-1312.0
2023-02-03,37989.0,-116.0
2023-02-04,,
2023-02-05,,
2023-02-06,38234.0,-141.0
2023-02-07,38103.0,-272.0
2023-02-08,37663.0,-712.0
2023-02-09,37367.0,-1008.0
2023-02-10,37008.0,-1367.0
2023-02-11,,
2023-02-12,,
2023-02-13,36909.0,-1466.0
2023-02-14,37532.0,-843.0
2023-02-15,37669.0,-706.0
2023-02-16,37051.0,-1324.0
2023-02-17,37156.0,-1219.0
2023-02-18,,
2023-02-19,,
2023-02-20,,
2023-02-21,,
2023-02-22,36982.0,-1393.0
2023-02-23,37236.0,-1139.0
2023-02-24,37279.0,-1096.0
2023-02-25,,
2023-02-26,,
2023-02-27,37426.0,-949.0
2023-02-28,38447.0,-108.0
2023-03-01,38730.0,0.0
2023-03-02,39077.0,0.0
2023-03-03,39160.0,-26.0
2023-03-04,,
2023-03-05,,
2023-03-06,39532.0,-227.0
2023-03-07,39441.0,-318.0
2023-03-08,39850.0,0.0
2023-03-09,40584.0,0.0
2023-03-10,40510.0,-342.0
2023-03-11,,
2023-03-12,,
2023-03-13,40059.0,-793.0
2023-03-14,39699.0,-1153.0
2023-03-15,39983.0,-869.0
2023-03-16,39831.0,-1021.0
2023-03-17,39698.0,-1154.0
2023-03-18,,
2023-03-19,,
2023-03-20,39561.0,-1291.0
2023-03-21,39324.0,-1528.0
2023-03-22,39571.0,-1281.0
2023-03-23,40337.0,-515.0
2023-03-24,40095.0,-757.0
2023-03-25,,
2023-03-26,,
2023-03-27,39840.0,-1012.0
2023-03-28,39901.0,-951.0
2023-03-29,40540.0,-312.0
2023-03-30,40888.0,-30.0
2023-03-31,41056.0,-85.0
2023-04-01,,
2023-04-02,,
2023-04-03,41072.0,-121.0
2023-04-04,40858.0,-335.0
2023-04-05,40747.0,-446.0
2023-04-06,40421.0,-772.0
2023-04-07,,
2023-04-08,,
2023-04-09,,
2023-04-10,40345.0,-848.0
2023-04-11,41283.0,-71.0
2023-04-12,41257.0,-176.0
2023-04-13,41300.0,-133.0
2023-04-14,41593.0,-25.0
2023-04-15,,
2023-04-16,,
2023-04-17,41386.0,-232.0
2023-04-18,41512.0,-106.0
2023-04-19,41331.0,-287.0
2023-04-20,41241.0,-377.0
2023-04-21,,
2023-04-22,,
2023-04-23,,
2023-04-24,41171.0,-447.0
2023-04-25,41951.0,0.0
2023-04-26,41554.0,-397.0
2023-04-27,41168.0,-783.0
2023-04-28,40719.0,-1232.0
2023-04-29,,
2023-04-30,,
2023-05-01,,
2023-05-02,40938.0,-1013.0
2023-05-03,40594.0,-1357.0
2023-05-04,41193.0,-758.0
2023-05-05,43032.0,-88.0
2023-05-06,,
2023-05-07,,
2023-05-08,42382.0,-738.0
2023-05-09,42405.0,-715.0
2023-05-10,42391.0,-729.0
2023-05-11,42804.0,-316.0
2023-05-12,42472.0,-648.0
2023-05-13,,
2023-05-14,,
2023-05-15,42586.0,-534.0
2023-05-16,42417.0,-703.0
2023-05-17,42879.0,-241.0
2023-05-18,43277.0,-270.0
2023-05-19,42972.0,-575.0
2023-05-20,,
2023-05-21,,
2023-05-22,42715.0,-832.0
2023-05-23,42727.0,-820.0
2023-05-24,42320.0,-1227.0
2023-05-25,42243.0,-1304.0
2023-05-26,41766.0,-1781.0
2023-05-27,,
2023-05-28,,
2023-05-29,41786.0,-1761.0
2023-05-30,41514.0,-2033.0
2023-05-31,41496.0,-2051.0
2023-06-01,42327.0,-1220.0
2023-06-02,42243.0,-1304.0
2023-06-03,,
2023-06-04,,
2023-06-05,42315.0,-1232.0
2023-06-06,42682.0,-865.0
2023-06-07,43202.0,-345.0
2023-06-08,,
2023-06-09,42984.0,-563.0
2023-06-10,,
2023-06-11,,
2023-06-12,42944.0,-603.0
2023-06-13,43054.0,-493.0
2023-06-14,42664.0,-883.0
2023-06-15,42281.0,-1266.0
2023-06-16,42311.0,-1236.0
2023-06-17,,
2023-06-18,,
2023-06-19,42461.0,-1086.0
2023-06-20,43158.0,-389.0
2023-06-21,43384.0,-163.0
2023-06-22,43183.0,-364.0
2023-06-23,43193.0,-354.0
2023-06-24,,
2023-06-25,,
2023-06-26,42922.0,-625.0
2023-06-27,42715.0,-832.0
2023-06-28,42263.0,-1284.0
2023-06-29,42742.0,-805.0
2023-06-30,44149.0,0.0
2023-07-01,,
2023-07-02,,
2023-07-03,44056.0,-114.0
2023-07-04,43850.0,-320.0
2023-07-05,43644.0,-526.0
2023-07-06,43387.0,-783.0
2023-07-07,43267.0,-903.0
2023-07-08,,
2023-07-09,,
2023-07-10,43395.0,-775.0
2023-07-11,43411.0,-759.0
2023-07-12,44306.0,-12.0
2023-07-13,44137.0,-295.0
2023-07-14,44144.0,-288.0
2023-07-15,,
2023-07-16,,
2023-07-17,44408.0,-59.0
2023-07-18,44206.0,-261.0
2023-07-19,44388.0,-79.0
2023-07-20,44249.0,-218.0
2023-07-21,44256.0,-211.0
2023-07-22,,
2023-07-23,,
2023-07-24,44292.0,-175.0
2023-07-25,44375.0,-92.0
2023-07-26,44339.0,-251.0
2023-07-27,45131.0,0.0
2023-07-28,44842.0,-289.0
2023-07-29,,
2023-07-30,,
2023-07-31,44755.0,-376.0
2023-08-01,44619.0,-512.0
2023-08-02,44348.0,-783.0
2023-08-03,45261.0,-67.0
2023-08-04,44598.0,-730.0
2023-08-05,,
2023-08-06,,
2023-08-07,44470.0,-858.0
2023-08-08,44469.0,-859.0
2023-08-09,44337.0,-991.0
2023-08-10,45467.0,-12.0
2023-08-11,45610.0,-5.0
2023-08-12,,
2023-08-13,,
2023-08-14,45308.0,-307.0
2023-08-15,45750.0,0.0
2023-08-16,47001.0,-42.0
2023-08-17,46806.0,-237.0
2023-08-18,46495.0,-548.0
2023-08-19,,
2023-08-20,,
2023-08-21,46721.0,-322.0
2023-08-22,46136.0,-907.0
2023-08-23,46859.0,-184.0
2023-08-24,46801.0,-242.0
2023-08-25,46756.0,-287.0
2023-08-26,,
2023-08-27,,
2023-08-28,47388.0,-218.0
2023-08-29,47031.0,-575.0
2023-08-30,46919.0,-687.0
2023-08-31,46355.0,-1251.0
2023-09-01,46327.0,-1279.0
2023-09-02,,
2023-09-03,,
2023-09-04,46380.0,-1226.0
2023-09-05,45966.0,-1640.0
2023-09-06,45777.0,-1829.0
2023-09-07,,
2023-09-08,45722.0,-1884.0
2023-09-09,,
2023-09-10,,
2023-09-11,45715.0,-1891.0
2023-09-12,45623.0,-1983.0
2023-09-13,45445.0,-2161.0
2023-09-14,45443.0,-2163.0
2023-09-15,45399.0,-2207.0
2023-09-16,,
2023-09-17,,
2023-09-18,45636.0,-1970.0
2023-09-19,45631.0,-1975.0
2023-09-20,45124.0,-2482.0
2023-09-21,44890.0,-2716.0
2023-09-22,44763.0,-2843.0
2023-09-23,,
2023-09-24,,
2023-09-25,44888.0,-2718.0
2023-09-26,44783.0,-2823.0
2023-09-27,44696.0,-2910.0
2023-09-28,44936.0,-2670.0
2023-09-29,44631.0,-2975.0
2023-09-30,,
2023-10-01,,
2023-10-02,44522.0,-3084.0
2023-10-03,44459.0,-3147.0
2023-10-04,44117.0,-3489.0
2023-10-05,43969.0,-3637.0
2023-10-06,45064.0,-2542.0
2023-10-07,,
2023-10-08,,
2023-10-09,45747.0,-1859.0
2023-10-10,45633.0,-1973.0
2023-10-11,45306.0,-2300.0
2023-10-12,,
2023-10-13,45000.0,-2606.0
2023-10-14,,
2023-10-15,,
2023-10-16,44740.0,-2866.0
2023-10-17,44796.0,-2810.0
2023-10-18,44910.0,-2696.0
2023-10-19,44235.0,-3371.0
2023-10-20,44085.0,-3521.0
2023-10-21,,
2023-10-22,,
2023-10-23,44114.0,-3492.0
2023-10-24,43331.0,-4275.0
2023-10-25,43170.0,-4436.0
2023-10-26,41448.0,-6158.0
2023-10-27,42944.0,-4662.0
2023-10-28,,
2023-10-29,,
2023-10-30,42925.0,-4681.0
2023-10-31,42587.0,-5019.0
2023-11-01,41862.0,-5744.0
2023-11-02,,
2023-11-03,41823.0,-5783.0
2023-11-04,,
2023-11-05,,
2023-11-06,41570.0,-6036.0
2023-11-07,41449.0,-6157.0
2023-11-08,41310.0,-6296.0
2023-11-09,41478.0,-6128.0
2023-11-10,41398.0,-6208.0
2023-11-11,,
2023-11-12,,
2023-11-13,41601.0,-6005.0
2023-11-14,41336.0,-6270.0
2023-11-15,,
2023-11-16,41156.0,-6450.0
2023-11-17,40927.0,-6679.0
2023-11-18,,
2023-11-19,,
2023-11-20,40365.0,-7241.0
2023-11-21,40417.0,-7189.0
2023-11-22,40050.0,-7556.0
2023-11-23,40057.0,-7549.0
2023-11-24,40159.0,-7447.0
2023-11-25,,
2023-11-26,,
2023-11-27,40036.0,-7570.0
2023-11-28,39875.0,-7731.0
2023-11-29,40040.0,-7566.0
2023-11-30,40079.0,-7527.0
2023-12-01,40357.0,-7249.0
2023-12-02,,
2023-12-03,,
2023-12-04,40317.0,-7289.0
2023-12-05,40114.0,-7492.0
2023-12-06,40440.0,-7166.0
2023-12-07,40276.0,-7330.0
2023-12-08,40263.0,-7343.0
2023-12-09,,
2023-12-10,,
2023-12-11,40096.0,-7510.0
2023-12-12,40009.0,-7597.0
2023-12-13,39806.0,-7800.0
2023-12-14,39699.0,-7907.0
2023-12-15,39467.0,-8139.0
2023-12-16,,
2023-12-17,,
2023-12-18,39432.0,-8174.0
2023-12-19,39375.0,-8231.0
2023-12-20,39226.0,-8380.0
2023-12-21,39515.0,-8091.0
2023-12-22,39359.0,-8247.0
2023-12-23,,
2023-12-24,,
2023-12-25,,
2023-12-26,39397.0,-8209.0
2023-12-27,39649.0,-7957.0
2023-12-28,39580.0,-8026.0
2023-12-29,,
2023-12-30,,
2023-12-31,,
2024-01-01,,
2024-01-02,39580.0,-8026.0
2024-01-03,39362.0,-8244.0
2024-01-04,39591.0,-8015.0
2024-01-05,39532.0,-8074.0
2024-01-06,,
2024-01-07,,
2024-01-08,39835.0,-7771.0
2024-01-09,39651.0,-7955.0
2024-01-10,39502.0,-8104.0
2024-01-11,39418.0,-8188.0
2024-01-12,39220.0,-8386.0
2024-01-13,,
2024-01-14,,
2024-01-15,39301.0,-8305.0
2024-01-16,39008.0,-8598.0
2024-01-17,38973.0,-8633.0
2024-01-18,39042.0,-8564.0
2024-01-19,38851.0,-8755.0
2024-01-20,,
2024-01-21,,
2024-01-22,39147.0,-8459.0
2024-01-23,38825.0,-8781.0
2024-01-24,38878.0,-8728.0
2024-01-25,38659.0,-8947.0
2024-01-26,38607.0,-8999.0
2024-01-27,,
2024-01-28,,
2024-01-29,38852.0,-8754.0
2024-01-30,38652.0,-8954.0
2024-01-31,38595.0,-9011.0
2024-02-01,38263.0,-9343.0
2024-02-02,37983.0,-9623.0
